,17296,17296,17297,17297,none,
,17304,17304,17305,17305,none,
,18792,18792,18793,18793,none,
,18800,18800,18801,18801,none,
,17376,17376,17377,17377,none,
,17384,17384,17385,17385,none,
,18906,18906,18907,18907,none,
,18914,18914,18915,18915,none,
,17312,17312,17313,17313,none,
,17320,17320,17321,17321,none,
,18808,18808,18809,18809,none,
,18816,18816,18817,18817,none,
,17392,17392,17393,17393,none,
,17400,17400,17401,17401,none,
,18922,18922,18923,18923,none,
,18930,18930,18931,18931,none,
,26023,26023,26024,26024,none,
,26031,26031,26032,26032,none,
,27519,27519,27520,27520,none,
,27527,27527,27528,27528,none,
,26103,26103,26104,26104,none,
,26111,26111,26112,26112,none,
,27633,27633,27634,27634,none,
,27641,27641,27642,27642,none,
,26039,26039,26040,26040,none,
,26047,26047,26048,26048,none,
,27535,27535,27536,27536,none,
,27543,27543,27544,27544,none,
,26119,26119,26120,26120,none,
,26127,26127,26128,26128,none,
,27649,27649,27650,27650,none,
,27657,27657,27658,27658,none,
,9946,9946,9947,9947,none,
,9954,9954,9955,9955,none,
,11442,11442,11443,11443,none,
,11450,11450,11451,11451,none,
,10026,10026,10027,10027,none,
,10034,10034,10035,10035,none,
,11556,11556,11557,11557,none,
,11564,11564,11565,11565,none,
,9962,9962,9963,9963,none,
,9970,9970,9971,9971,none,
,11458,11458,11459,11459,none,
,11466,11466,11467,11467,none,
,10042,10042,10043,10043,none,
,10050,10050,10051,10051,none,
,11572,11572,11573,11573,none,
,11580,11580,11581,11581,none,
,14263,14263,14264,14264,none,
,14271,14271,14272,14272,none,
,15759,15759,15760,15760,none,
,15767,15767,15768,15768,none,
,14343,14343,14344,14344,none,
,14351,14351,14352,14352,none,
,15873,15873,15874,15874,none,
,15881,15881,15882,15882,none,
,14279,14279,14280,14280,none,
,14287,14287,14288,14288,none,
,15775,15775,15776,15776,none,
,15783,15783,15784,15784,none,
,14359,14359,14360,14360,none,
,14367,14367,14368,14368,none,
,15889,15889,15890,15890,none,
,15897,15897,15898,15898,none,
,17298,17298,17299,17299,none,
,17306,17306,17307,17307,none,
,18794,18794,18795,18795,none,
,18802,18802,18803,18803,none,
,17378,17378,17379,17379,none,
,17386,17386,17387,17387,none,
,18908,18908,18909,18909,none,
,18916,18916,18917,18917,none,
,17314,17314,17315,17315,none,
,17322,17322,17323,17323,none,
,18810,18810,18811,18811,none,
,18818,18818,18819,18819,none,
,17394,17394,17395,17395,none,
,17402,17402,17403,17403,none,
,18924,18924,18925,18925,none,
,18932,18932,18933,18933,none,
,26029,26029,26030,26030,none,
,26037,26037,26038,26038,none,
,27525,27525,27526,27526,none,
,27533,27533,27534,27534,none,
,26109,26109,26110,26110,none,
,26117,26117,26118,26118,none,
,27639,27639,27640,27640,none,
,27647,27647,27648,27648,none,
,26045,26045,26046,26046,none,
,26053,26053,26054,26054,none,
,27541,27541,27542,27542,none,
,27549,27549,27550,27550,none,
,26125,26125,26126,26126,none,
,26133,26133,26134,26134,none,
,27655,27655,27656,27656,none,
,27663,27663,27664,27664,none,
,9948,9948,9949,9949,none,
,9956,9956,9957,9957,none,
,11444,11444,11445,11445,none,
,11452,11452,11453,11453,none,
,10028,10028,10029,10029,none,
,10036,10036,10037,10037,none,
,11558,11558,11559,11559,none,
,11566,11566,11567,11567,none,
,9964,9964,9965,9965,none,
,9972,9972,9973,9973,none,
,11460,11460,11461,11461,none,
,11468,11468,11469,11469,none,
,10044,10044,10045,10045,none,
,10052,10052,10053,10053,none,
,11574,11574,11575,11575,none,
,11582,11582,11583,11583,none,
,14269,14269,14270,14270,none,
,14277,14277,14278,14278,none,
,15765,15765,15766,15766,none,
,15773,15773,15774,15774,none,
,14349,14349,14350,14350,none,
,14357,14357,14358,14358,none,
,15879,15879,15880,15880,none,
,15887,15887,15888,15888,none,
,14285,14285,14286,14286,none,
,14293,14293,14294,14294,none,
,15781,15781,15782,15782,none,
,15789,15789,15790,15790,none,
,14365,14365,14366,14366,none,
,14373,14373,14374,14374,none,
,15895,15895,15896,15896,none,
,15903,15903,15904,15904,none,
